University,Page_URL,Keyword_Found,Context
aiph.ac.in,https://aiph.ac.in/Academics/BscMicroBio,Multiple Entry,"As per the UGC Guidelines for Multiple Entry and Exit in Academic Program offered in Higher Education Institutions, after completing the requirements of a three-year Bachelor's Degree, candidates who secure a minimum CGPA of 7.5 shall be allowed to continue studies in the fourth year of the undergraduate program to pursue and complete the Bachelor's Degree with Research. Students who do not have 7.5 CGPA up to the sixth semester will be awarded Bachelor's Degree as they will have to exit the Bachelor's Degree Program after completing the sixth semester. The University will offer four years of Bachelor's Degree and two years of Master's Degree Program from the academic session 2022 to 2023 and one year of Master's Degree Program from the academic session 2026 to 2027, in line with the recommendations of the National Education Policy 2020."
aiph.ac.in,https://aiph.ac.in/Academics/BscBotany,Multiple Entry,"As per the UGC Guidelines for Multiple Entry and Exit in Academic Programmes offered in Higher Education Institutions, after completing the requirements of a three-year Bachelor's Degree, candidates who secure a minimum CGPA of 7.5 shall be allowed to continue studies in the fourth year of the undergraduate programme to pursue and complete the bachelor's degree with Research. Those students who do not have 7.5 CGPA up to the 6th Semester will be awarded Bachelor's Degree as they will have to exit the Bachelor's Degree Programme after completing the 6th Semester. The University will offer fouryears Bachelor's Degree and two Years Master's Degree Programmes from the academic session 2022 to 2023 and oneyear PG Programmes from the academic session 2026 to 2027, in line with the recommendations of National Education Policy 2020"
aiph.ac.in,https://aiph.ac.in/Academics/BscZoology,Multiple Entry,"As per the UGC Guidelines for Multiple Entry and Exit in Academic Programmes offered in Higher Education Institutions, after completing the requirements of a three-year Bachelor's Degree, candidates who secure a minimum CGPA of 7.5 shall be allowed to continue studies in the fourth year of the undergraduate programme to pursue and complete the bachelor's degree with Research. Those students who do not have 7.5 CGPA up to the 6th Semester will be awarded Bachelor's Degree as they will have to exit the Bachelor's Degree Programme after completing the 6th Semester. The University will offer fouryears Bachelor's Degree and two Years Master's Degree Programmes from the academic session 2022 to 2023 and oneyear PG Programmes from the academic session 2026 to 2027, in line with the recommendations of National Education Policy 2020"
aiph.ac.in,https://aiph.ac.in/Academics/BscBioChemistry,Multiple Entry,"As per the UGC Guidelines for Multiple Entry and Exit in Academic Programmes offered in Higher Education Institutions, after completing the requirements of a three-year Bachelor's Degree, candidates who secure a minimum CGPA of 7.5 shall be allowed to continue studies in the fourth year of the undergraduate programme to pursue and complete the bachelor's degree with Research. Those students who do not have 7.5 CGPA up to the 6th Semester will be awarded Bachelor's Degree as they will have to exit the Bachelor's Degree Programme after completing the 6th Semester. The University will offer fouryears Bachelor's Degree and two Years Master's Degree Programmes from the academic session 2022 to 2023 and oneyear PG Programmes from the academic session 2026 to 2027, in line with the recommendations of National Education Policy 2020"
www.amity.edu,https://www.amity.edu/mumbai/nep.aspx,Multiple Entry,"As per new structure and duration of undergraduate programmes proposed by NEP 2020, Amity                      University                      Mumbai is offering Four-Year Undergraduate degree programmes for the students to                      experience full range of holistic and multidisciplinary education.The programmes will offer flexible                      and innovative curriculum with multiple entry/exit during this period, with appropriate                      certification:"
www.amity.edu,https://www.amity.edu/gurugram/nep.aspx,Multiple Entry,"As per new structure and duration of undergraduate programmes proposed by NEP 2020, Amity University                    Gurugram is offering Four-Year Undergraduate degree programmes for the students to                    experience full range of holistic and multidisciplinary education.The programmes will offer flexible                    and innovative curriculum with multiple entry/exit during this period, with appropriate certification:"
bestiu.edu.in,https://bestiu.edu.in/,Multiple Entry,Multiple Entry-Exit options
csjmu.ac.in,https://csjmu.ac.in/,FYUP,"Academics Schools Of Study Atal Bihari Vajpayee School Of Legal Studies School of Advanced Agriculture Sciences and Technology School of Arts, Humanities and Social Sciences Department of Clinical Psychology Deen Dayal Shodh Kendra Department Of Economics Department Of Journalism And Mass Communication Department of Library Science Department of Lifelong Learning and Extension Department Of Social Work School Of Basic Sciences Department of Physics Department of Chemistry Department of Mathematics School Of Creative And Performing Arts Department Of Fine Arts Department Of Music School Of Business Management School Of Engineering And Technology (UIET) School Of Health Sciences School Of Hotel Management School Of Languages हिंदी विभाग Department of English and Modern European and Other Foreign Languages School of Life Sciences And Biotechnology Department Of Life Sciences And Biotechnology School of Pharmaceutical Sciences Department Of Pharmaceutical Sciences School of Teacher Education Department Of Advanced Educational Research And Teaching Of Educational Foundations Department of Physical Education NEP 2020 FYUP Document University Syllabus Academic Calendar Equivalence Of Courses/Degrees Guidelines for Pursuing Two Academic Programs Simultaneously Education Verification"
csjmu.ac.in,https://csjmu.ac.in/,FYUP,FYUP Document
csjmu.ac.in,https://csjmu.ac.in/adsmedia/recruitments/,FYUP,"Academics Schools Of Study Atal Bihari Vajpayee School Of Legal Studies School of Advanced Agriculture Sciences and Technology School of Arts, Humanities and Social Sciences Department of Clinical Psychology Deen Dayal Shodh Kendra Department Of Economics Department Of Journalism And Mass Communication Department of Library Science Department of Lifelong Learning and Extension Department Of Social Work School Of Basic Sciences Department of Physics Department of Chemistry Department of Mathematics School Of Creative And Performing Arts Department Of Fine Arts Department Of Music School Of Business Management School Of Engineering And Technology (UIET) School Of Health Sciences School Of Hotel Management School Of Languages हिंदी विभाग Department of English and Modern European and Other Foreign Languages School of Life Sciences And Biotechnology Department Of Life Sciences And Biotechnology School of Pharmaceutical Sciences Department Of Pharmaceutical Sciences School of Teacher Education Department Of Advanced Educational Research And Teaching Of Educational Foundations Department of Physical Education NEP 2020 FYUP Document University Syllabus Academic Calendar Equivalence Of Courses/Degrees Guidelines for Pursuing Two Academic Programs Simultaneously Education Verification"
csjmu.ac.in,https://csjmu.ac.in/adsmedia/recruitments/,FYUP,FYUP Document
csjmu.ac.in,https://csjmu.ac.in/frontpage/screen-reader-access/,FYUP,"Academics Schools Of Study Atal Bihari Vajpayee School Of Legal Studies School of Advanced Agriculture Sciences and Technology School of Arts, Humanities and Social Sciences Department of Clinical Psychology Deen Dayal Shodh Kendra Department Of Economics Department Of Journalism And Mass Communication Department of Library Science Department of Lifelong Learning and Extension Department Of Social Work School Of Basic Sciences Department of Physics Department of Chemistry Department of Mathematics School Of Creative And Performing Arts Department Of Fine Arts Department Of Music School Of Business Management School Of Engineering And Technology (UIET) School Of Health Sciences School Of Hotel Management School Of Languages हिंदी विभाग Department of English and Modern European and Other Foreign Languages School of Life Sciences And Biotechnology Department Of Life Sciences And Biotechnology School of Pharmaceutical Sciences Department Of Pharmaceutical Sciences School of Teacher Education Department Of Advanced Educational Research And Teaching Of Educational Foundations Department of Physical Education NEP 2020 FYUP Document University Syllabus Academic Calendar Equivalence Of Courses/Degrees Guidelines for Pursuing Two Academic Programs Simultaneously Education Verification"
csjmu.ac.in,https://csjmu.ac.in/frontpage/screen-reader-access/,FYUP,FYUP Document
csjmu.ac.in,https://csjmu.ac.in,FYUP,"Academics Schools Of Study Atal Bihari Vajpayee School Of Legal Studies School of Advanced Agriculture Sciences and Technology School of Arts, Humanities and Social Sciences Department of Clinical Psychology Deen Dayal Shodh Kendra Department Of Economics Department Of Journalism And Mass Communication Department of Library Science Department of Lifelong Learning and Extension Department Of Social Work School Of Basic Sciences Department of Physics Department of Chemistry Department of Mathematics School Of Creative And Performing Arts Department Of Fine Arts Department Of Music School Of Business Management School Of Engineering And Technology (UIET) School Of Health Sciences School Of Hotel Management School Of Languages हिंदी विभाग Department of English and Modern European and Other Foreign Languages School of Life Sciences And Biotechnology Department Of Life Sciences And Biotechnology School of Pharmaceutical Sciences Department Of Pharmaceutical Sciences School of Teacher Education Department Of Advanced Educational Research And Teaching Of Educational Foundations Department of Physical Education NEP 2020 FYUP Document University Syllabus Academic Calendar Equivalence Of Courses/Degrees Guidelines for Pursuing Two Academic Programs Simultaneously Education Verification"
csjmu.ac.in,https://csjmu.ac.in,FYUP,FYUP Document
csjmu.ac.in,https://csjmu.ac.in/university/history/,FYUP,"Academics Schools Of Study Atal Bihari Vajpayee School Of Legal Studies School of Advanced Agriculture Sciences and Technology School of Arts, Humanities and Social Sciences Department of Clinical Psychology Deen Dayal Shodh Kendra Department Of Economics Department Of Journalism And Mass Communication Department of Library Science Department of Lifelong Learning and Extension Department Of Social Work School Of Basic Sciences Department of Physics Department of Chemistry Department of Mathematics School Of Creative And Performing Arts Department Of Fine Arts Department Of Music School Of Business Management School Of Engineering And Technology (UIET) School Of Health Sciences School Of Hotel Management School Of Languages हिंदी विभाग Department of English and Modern European and Other Foreign Languages School of Life Sciences And Biotechnology Department Of Life Sciences And Biotechnology School of Pharmaceutical Sciences Department Of Pharmaceutical Sciences School of Teacher Education Department Of Advanced Educational Research And Teaching Of Educational Foundations Department of Physical Education NEP 2020 FYUP Document University Syllabus Academic Calendar Equivalence Of Courses/Degrees Guidelines for Pursuing Two Academic Programs Simultaneously Education Verification"
csjmu.ac.in,https://csjmu.ac.in/university/history/,FYUP,FYUP Document
csjmu.ac.in,https://csjmu.ac.in/university/about-university/,FYUP,"Academics Schools Of Study Atal Bihari Vajpayee School Of Legal Studies School of Advanced Agriculture Sciences and Technology School of Arts, Humanities and Social Sciences Department of Clinical Psychology Deen Dayal Shodh Kendra Department Of Economics Department Of Journalism And Mass Communication Department of Library Science Department of Lifelong Learning and Extension Department Of Social Work School Of Basic Sciences Department of Physics Department of Chemistry Department of Mathematics School Of Creative And Performing Arts Department Of Fine Arts Department Of Music School Of Business Management School Of Engineering And Technology (UIET) School Of Health Sciences School Of Hotel Management School Of Languages हिंदी विभाग Department of English and Modern European and Other Foreign Languages School of Life Sciences And Biotechnology Department Of Life Sciences And Biotechnology School of Pharmaceutical Sciences Department Of Pharmaceutical Sciences School of Teacher Education Department Of Advanced Educational Research And Teaching Of Educational Foundations Department of Physical Education NEP 2020 FYUP Document University Syllabus Academic Calendar Equivalence Of Courses/Degrees Guidelines for Pursuing Two Academic Programs Simultaneously Education Verification"
csjmu.ac.in,https://csjmu.ac.in/university/about-university/,FYUP,FYUP Document
csjmu.ac.in,https://csjmu.ac.in/university/emblem/,FYUP,"Academics Schools Of Study Atal Bihari Vajpayee School Of Legal Studies School of Advanced Agriculture Sciences and Technology School of Arts, Humanities and Social Sciences Department of Clinical Psychology Deen Dayal Shodh Kendra Department Of Economics Department Of Journalism And Mass Communication Department of Library Science Department of Lifelong Learning and Extension Department Of Social Work School Of Basic Sciences Department of Physics Department of Chemistry Department of Mathematics School Of Creative And Performing Arts Department Of Fine Arts Department Of Music School Of Business Management School Of Engineering And Technology (UIET) School Of Health Sciences School Of Hotel Management School Of Languages हिंदी विभाग Department of English and Modern European and Other Foreign Languages School of Life Sciences And Biotechnology Department Of Life Sciences And Biotechnology School of Pharmaceutical Sciences Department Of Pharmaceutical Sciences School of Teacher Education Department Of Advanced Educational Research And Teaching Of Educational Foundations Department of Physical Education NEP 2020 FYUP Document University Syllabus Academic Calendar Equivalence Of Courses/Degrees Guidelines for Pursuing Two Academic Programs Simultaneously Education Verification"
csjmu.ac.in,https://csjmu.ac.in/university/emblem/,FYUP,FYUP Document
csjmu.ac.in,https://csjmu.ac.in/university/mission-vision/,FYUP,"Academics Schools Of Study Atal Bihari Vajpayee School Of Legal Studies School of Advanced Agriculture Sciences and Technology School of Arts, Humanities and Social Sciences Department of Clinical Psychology Deen Dayal Shodh Kendra Department Of Economics Department Of Journalism And Mass Communication Department of Library Science Department of Lifelong Learning and Extension Department Of Social Work School Of Basic Sciences Department of Physics Department of Chemistry Department of Mathematics School Of Creative And Performing Arts Department Of Fine Arts Department Of Music School Of Business Management School Of Engineering And Technology (UIET) School Of Health Sciences School Of Hotel Management School Of Languages हिंदी विभाग Department of English and Modern European and Other Foreign Languages School of Life Sciences And Biotechnology Department Of Life Sciences And Biotechnology School of Pharmaceutical Sciences Department Of Pharmaceutical Sciences School of Teacher Education Department Of Advanced Educational Research And Teaching Of Educational Foundations Department of Physical Education NEP 2020 FYUP Document University Syllabus Academic Calendar Equivalence Of Courses/Degrees Guidelines for Pursuing Two Academic Programs Simultaneously Education Verification"
csjmu.ac.in,https://csjmu.ac.in/university/mission-vision/,FYUP,FYUP Document
csjmu.ac.in,https://csjmu.ac.in/university/code-of-conduct/,FYUP,"Academics Schools Of Study Atal Bihari Vajpayee School Of Legal Studies School of Advanced Agriculture Sciences and Technology School of Arts, Humanities and Social Sciences Department of Clinical Psychology Deen Dayal Shodh Kendra Department Of Economics Department Of Journalism And Mass Communication Department of Library Science Department of Lifelong Learning and Extension Department Of Social Work School Of Basic Sciences Department of Physics Department of Chemistry Department of Mathematics School Of Creative And Performing Arts Department Of Fine Arts Department Of Music School Of Business Management School Of Engineering And Technology (UIET) School Of Health Sciences School Of Hotel Management School Of Languages हिंदी विभाग Department of English and Modern European and Other Foreign Languages School of Life Sciences And Biotechnology Department Of Life Sciences And Biotechnology School of Pharmaceutical Sciences Department Of Pharmaceutical Sciences School of Teacher Education Department Of Advanced Educational Research And Teaching Of Educational Foundations Department of Physical Education NEP 2020 FYUP Document University Syllabus Academic Calendar Equivalence Of Courses/Degrees Guidelines for Pursuing Two Academic Programs Simultaneously Education Verification"
csjmu.ac.in,https://csjmu.ac.in/university/code-of-conduct/,FYUP,FYUP Document
csjmu.ac.in,https://csjmu.ac.in/frontpage/university-at-a-glance/,FYUP,"Academics Schools Of Study Atal Bihari Vajpayee School Of Legal Studies School of Advanced Agriculture Sciences and Technology School of Arts, Humanities and Social Sciences Department of Clinical Psychology Deen Dayal Shodh Kendra Department Of Economics Department Of Journalism And Mass Communication Department of Library Science Department of Lifelong Learning and Extension Department Of Social Work School Of Basic Sciences Department of Physics Department of Chemistry Department of Mathematics School Of Creative And Performing Arts Department Of Fine Arts Department Of Music School Of Business Management School Of Engineering And Technology (UIET) School Of Health Sciences School Of Hotel Management School Of Languages हिंदी विभाग Department of English and Modern European and Other Foreign Languages School of Life Sciences And Biotechnology Department Of Life Sciences And Biotechnology School of Pharmaceutical Sciences Department Of Pharmaceutical Sciences School of Teacher Education Department Of Advanced Educational Research And Teaching Of Educational Foundations Department of Physical Education NEP 2020 FYUP Document University Syllabus Academic Calendar Equivalence Of Courses/Degrees Guidelines for Pursuing Two Academic Programs Simultaneously Education Verification"
csjmu.ac.in,https://csjmu.ac.in/frontpage/university-at-a-glance/,FYUP,FYUP Document
www.davuniversity.org,https://www.davuniversity.org/,Multiple Entry,"DAV University embraces the progressive National Education Policy 2020 (NEP 2020) to offer an enriching academic experience. With NEP 2020, we have introduced a transformative Modular System, enabling students to customize their learning journey with Modules, Modular Credits, and diverse Modular System. This dynamic approach allows students to earn credits based on their performance, promoting a flexible and student-centric Academic Year. Emphasizing Multiple entry and exit options, our university empowers learners to chart their educational path and achieve their goals at their own pace. With a focus on holistic development and innovative teaching methods, we nurture students to excel and attain their desired Degree Classification."
www.davuniversity.org,https://www.davuniversity.org/innerpage/nep.aspx,Multiple Entry,"DAV University embraces the progressive National Education Policy 2020 (NEP 2020) to offer an enriching academic experience. With NEP 2020, we have introduced a transformative Modular System, enabling students to customize their learning journey with Modules, Modular Credits, and diverse Modular System. This dynamic approach allows students to earn credits based on their performance, promoting a flexible and student-centric Academic Year. Emphasizing Multiple entry and exit options, our university empowers learners to chart their educational path and achieve their goals at their own pace. With a focus on holistic development and innovative teaching methods, we nurture students to excel and attain their desired Degree Classification."
www.davuniversity.org,https://www.davuniversity.org/innerpage/nep.aspx,Multiple Entry,Multiple entry and exit options.
www.davuniversity.org,https://www.davuniversity.org/innerpage/nep.aspx,Multiple Entry,"Multiple Entry and Exit Options allow students to exit the program and receive an Undergraduate Certificate (44 credits), Undergraduate Diploma (80 credits), or Bachelor's Degree (120 credits). Honours students completing 160 credits earn a Bachelor's Degree (Honours), while those with research obtain a Bachelor's Degree (Honours with Research)."
www.davuniversity.org,https://www.davuniversity.org/innerpage/nep.aspx,Multiple Entry,Multiple Entry
www.davuniversity.org,https://www.davuniversity.org/innerpage/nep.aspx,Multiple Entry,The Academic Bank of Credit (ABC) is a concept introduced under India's National Education Policy 2020 (NEP 2020). It is a novel and innovative system that aims to promote flexibility and transparency in higher education by enabling students to accumulate academic credits for the courses they complete. The ABC system is designed to facilitate seamless mobility and facilitate multiple entry and exit points for learners within the higher education framework.
www.davuniversity.org,https://www.davuniversity.org/innerpage/nep.aspx,Multiple Entry,Multiple Entry and Exit Points
www.davuniversity.org,https://www.davuniversity.org/innerpage/nep.aspx,Multiple Entry,"The ABC system enables students to have multiple entry and exit points within the higher education system. This means that students can enroll, take a break, or exit the education system at different stages while still being able to retain the credits they have earned."
dsu.ac.in,https://dsu.ac.in/about,Multiple Entry,The Delhi Sports University offers multiple entry points for Sports persons. Athletes can join the formal education system after completing prescribed bridge courses.
dmu.ac.in,https://dmu.ac.in/notifications,Four-Year Undergraduate Programme,ORDERS: Relaxation in Eligibility for Continuation to Fourth Year of Four-Year Undergraduate Programme (Academic Session 2025–26)
www.dsu.ac.in,https://www.dsu.ac.in/about,Multiple Entry,The Delhi Sports University offers multiple entry points for Sports persons. Athletes can join the formal education system after completing prescribed bridge courses.
www.ganpatuniversity.ac.in,https://www.ganpatuniversity.ac.in/about/nep,Multiple Entry,"(1) NEP 2020: In accordance with the NEP 2020, GR No. KCG/admin/2023-24/0607/kh.1 Sachivalaya, Gandhinagar dated 11/07/2023 and No. KCG/NEP2020/2023-24/1149 dated 23/08/2023, have prepared the framework for Basic Science Programs, Social Science & Humanities programs and will be rolling out the courses in accordance with the guidelines mentioned thereof w.e.f academic year 2023-24 with Multiple Entry & Multiple Exit provisions. (2) Credit Accumulation: Have initiated the uploading of credits earned by the students on Academic Bank of Credits (ABC) portal as per the guidelines issued by NAD & ABC. Formulated Regulation for adoption of MOOC courses in curriculum and transfer of credits (3) Outcome Based Education (OBE): Implemented the OBE with respect to Classroom Teaching, Laboratory and practical Projects/Assignments, experiential learning by field/industry visits, Internships and Participation in NCC/NSS/Sports/Yoga etc. Have provided the training to the faculties of university for CO/PO/PSO Calculation, implementation and attainment. (4) Inclusion of Indian Knowledge System, Skill based Curriculum in all educational programs and integration of Vocational education with educational programs. University has signed MoU with ISKON & BAPS for Special Courses on Life Skills, Value Education, Bhagwad Geeta and Indian Tradition of Knowledge. (5) Workshop for Implementation of NEP 2020: As a part of awareness among all stakeholders, Ganpat University has organized one-day workshop on “Teacher’s Role in NEP Implementation” jointly with NITI Aayog, Govt. of. India on March 10, 2021 and workshop on National Policy 2020 with theme of “Publicly Spirited Leadership & Governance on September 03,2021. (6) Launch of programs: Launched the Apprenticeship Embedded Degree Programme i.e. BBA (Logistic) in association with Logistic Skill Council of India, Govt. of India. Design Entrepreneurship Integrated Learning Model for offering program in MBA (Innovation, Entrepreneurship and Venture Development). Established various CoEs and industry linked program in B. Tech. (CSE) in Cloud Based Applications, Big Data & Analytics, and Cyber Security with IBM, MBA (Business Analytics) with SAS, MCA and M.Tech. EC with e-Infochips, MBA (Hospital and Healthcare Management) with Shalby Hospitals, B. Tech. in CSBS with TCS. (7) Multidisciplinary Education: Offered Programs in Liberal Studies (4 Yrs), Ph.D. Program Admission for Interdisciplinary Research, Panchkriya Courses: Five Fundamental Skills (Cooking & Nutrition, Personal Health & Fitness, Green Living, Maintenance & Trouble shooting Basics, Design Thinking). (8) Apprenticeship Embedded Degree Programme: Launched BBA (Logistic) in association with Logistic Skill Council of India. (9) Encouraging students for approved online courses: Formulated the Regulation for adoption of MOOC courses in curriculum and consider the transfer of credits. (10) Equity and Inclusion Initiative: Offered Special Scholarship Scheme for Orphan & Vulnerable Children and 40+ students benefited. Provisioned Scholarship for Economic Weaker Students & enacted Scholarship Policy for Sports Person. (11) Established Student Support Cell & nominated Associate Dean for Student Support Services (12) Office of International Affairs & Foreign Collaborations: Established Centre for International Alliance (CIA) & Appointed Chairperson of to help, promote, support and provide admissions to international students. (13) Alumni Connect: 31000+ Alumni effectively utilized online Alumni Portal (ALMASHINE) to connect with GUNI ALUMNI with objectives of Keeping updated for various Initiatives, Reconnect the Alumni, Alumni Events & Activities & Career Opportunities by posting various jobs. (14) Courses in Indian Languages: Designed Curriculum in Gujarati Language for Diploma Engineering Programs, Drawing Question Papers in Gujarati & Allowing students to write answers in Gujarati also (15) Industry – Institute Linkage: Offering programs in association with Industries (B.Tech. CSE with IBM, B.Tech. CSBS with TCS, MBA Business Analytics with SAS, M.Tech EC (VLSI & Embedded Systems) with eInfochips, MCA in association with eInfochips) Future Planning For The Implementation Of NEP-2020: (1) Teaching Learning Aspects : Upgradation of Libraries, Physical Infrastructure, Teaching Infrastructure, Student Support related services and academic transformation as per NEP 2020. (2) Open and Distance Learning: Concrete efforts shall be made on encouraging students for earning online credits by Open and Distance Learning (SWAYAM/Other Govt Approved Educational Platform). Planning to offer the ODL & Online Programmes through approval of respective statutory councils. (3) Focus on improving student’s knowledge & Skills: Development of Educational Framework for Global Citizen in Higher Education Domain. (4) Bridging the Gap between hard & Soft Sciences: Development of courses with a mix of study of hard and soft sciences with an aim to develop employability, skill enhancement and entrepreneurship (Interdisciplinary/Multidisciplinary education). (5) CoE/IoE: Planning for obtaining the status of – Centre of Excellence & Institute of Eminence. (6) Going global: Undertaking Research & technology transfer, student exchange, MoUs, societal development activities and practices and development of more no. of research based Centre of excellences with University-Industry partnership at national/international platforms. (7) Promotion of research Culture: Excelling the university in research domain with additional infrastructure, state of art laboratory, & instruments, Sponsored research, IPR Creations and Academic excellence with research practices. (8) Continual striving for achieving better and higher performances in International/National/Regional level Accreditations, certifications and auditing programs/events to embark global presence."
www.ganpatuniversity.ac.in,https://www.ganpatuniversity.ac.in/about/nep,Multiple Entry,"(1) NEP 2020: In accordance with the NEP 2020, GR No. KCG/admin/2023-24/0607/kh.1 Sachivalaya, Gandhinagar dated 11/07/2023 and No. KCG/NEP2020/2023-24/1149 dated 23/08/2023, have prepared the framework for Basic Science Programs, Social Science & Humanities programs and will be rolling out the courses in accordance with the guidelines mentioned thereof w.e.f academic year 2023-24 with Multiple Entry & Multiple Exit provisions."
www.iujaipur.edu.in,https://www.iujaipur.edu.in/eventspage,Multiple Entry,"Awareness Session NEP Report ISLA Session on NEP 2020 with Focus on ABC ID, Multiple Entry/Exit Options and relevance of MOOCs Aug 14, 2025 More info"
www.iujaipur.edu.in,https://www.iujaipur.edu.in/eventspage,Multiple Entry,"Session on NEP 2020 with Focus on ABC ID, Multiple Entry/Exit Options and relevance of MOOCs"
www.iisc.ac.in,https://www.iisc.ac.in/about/foreword-from-the-director/,Four-Year Undergraduate Programme,"IISc’s research output is diverse, interdisciplinary and cuts across traditional boundaries. The Institute has over 42 academic departments and centres that come under six divisions. It also places equal emphasis on student learning, with about 4000 students pursuing several postgraduate and PhD programmes, as well as a dedicated four-year undergraduate programme aimed at providing research-oriented training for young students in the basic sciences."
www.ignou.ac.in,http://www.ignou.ac.in/,Four-Year Undergraduate Programme,"Welcome to Indira Gandhi National Open University (IGNOU), a premier institution established by an Act of Parliament in 1985 with the mission to democratize education in India and                  beyond. Empowered by the IGNOU Act, the University holds a unique mandate to provide inclusive and equitable access to higher education across the nation and through its overseas                  learner support centres, reflecting its expansive jurisdiction and global vision. Read More Vice Chancellor's Message Welcome to Indira Gandhi National Open University (IGNOU), a premier institution established by an Act of Parliament in 1985 with the mission to democratize                                      education                                      in India and beyond. Empowered by the IGNOU Act, the University holds a unique mandate to provide inclusive and equitable access to higher education across the                                      nation                                      and through its overseas learner support centres, reflecting its expansive jurisdiction and global vision. IGNOU proudly stands as the No. 1 Open University in the National Institutional Ranking                                      Framework (NIRF) and the first Open University to receive the prestigious A++                                      accreditation from NAAC, these are recognitions of its excellence in the open, distance and                                      online learning system. With over 69 Regional Centres, 2,000+ Learner Support Centres                                      pan-India, and 25 Overseas Study Centres in 15 countries, IGNOU reaches the remotest                                      corners of India and serves diverse learners, including marginalized communities, persons                                      with disabilities, and international students. As a torchbearer of innovation, IGNOU integrates technology with education through                                      initiatives like MOOCs on SWAYAM, SWAYAM PRABHA channels, and e-Gyankosh,                                      ensuring quality education is both accessible and affordable. With 325 programmes,                                      including Four-Year Undergraduate Programmes (FYUP) and skill-based courses, the                                      University continues to align with the National Education Policy 2020 to meet emerging                                      educational and professional needs. IGNOU offers 45 online academic programmes through                                      its own Learning Management System (LMS). IGNOU has attained a significant milestone in the realm of innovation and has been ranked                                      among the top ten ""Institutes of National Importance and Central Universities"" due to its                                      endeavors to promote entrepreneurship and innovation. Furthermore, it has been positioned                                      within the 151-300 range of overall rankings according to the NIRF-Innovation rating-2023.                                      The role of the university in shaping India’s educational landscape is immense. Through                                      strategic collaborations, groundbreaking research, and its unwavering commitment to                                      quality, IGNOU reinforces the pillars of access, affordability, equity, and excellence in                                      education. We invite you to explore IGNOU’s unparalleled legacy and be part of a vibrant journey                                      toward academic and professional growth. Prof. Uma Kanjilal Vice Chancellor, IGNOU Prof. Uma Kanjilal Vice Chancellor, IGNOU"
www.ignou.ac.in,http://www.ignou.ac.in/,FYUP,"Welcome to Indira Gandhi National Open University (IGNOU), a premier institution established by an Act of Parliament in 1985 with the mission to democratize education in India and                  beyond. Empowered by the IGNOU Act, the University holds a unique mandate to provide inclusive and equitable access to higher education across the nation and through its overseas                  learner support centres, reflecting its expansive jurisdiction and global vision. Read More Vice Chancellor's Message Welcome to Indira Gandhi National Open University (IGNOU), a premier institution established by an Act of Parliament in 1985 with the mission to democratize                                      education                                      in India and beyond. Empowered by the IGNOU Act, the University holds a unique mandate to provide inclusive and equitable access to higher education across the                                      nation                                      and through its overseas learner support centres, reflecting its expansive jurisdiction and global vision. IGNOU proudly stands as the No. 1 Open University in the National Institutional Ranking                                      Framework (NIRF) and the first Open University to receive the prestigious A++                                      accreditation from NAAC, these are recognitions of its excellence in the open, distance and                                      online learning system. With over 69 Regional Centres, 2,000+ Learner Support Centres                                      pan-India, and 25 Overseas Study Centres in 15 countries, IGNOU reaches the remotest                                      corners of India and serves diverse learners, including marginalized communities, persons                                      with disabilities, and international students. As a torchbearer of innovation, IGNOU integrates technology with education through                                      initiatives like MOOCs on SWAYAM, SWAYAM PRABHA channels, and e-Gyankosh,                                      ensuring quality education is both accessible and affordable. With 325 programmes,                                      including Four-Year Undergraduate Programmes (FYUP) and skill-based courses, the                                      University continues to align with the National Education Policy 2020 to meet emerging                                      educational and professional needs. IGNOU offers 45 online academic programmes through                                      its own Learning Management System (LMS). IGNOU has attained a significant milestone in the realm of innovation and has been ranked                                      among the top ten ""Institutes of National Importance and Central Universities"" due to its                                      endeavors to promote entrepreneurship and innovation. Furthermore, it has been positioned                                      within the 151-300 range of overall rankings according to the NIRF-Innovation rating-2023.                                      The role of the university in shaping India’s educational landscape is immense. Through                                      strategic collaborations, groundbreaking research, and its unwavering commitment to                                      quality, IGNOU reinforces the pillars of access, affordability, equity, and excellence in                                      education. We invite you to explore IGNOU’s unparalleled legacy and be part of a vibrant journey                                      toward academic and professional growth. Prof. Uma Kanjilal Vice Chancellor, IGNOU Prof. Uma Kanjilal Vice Chancellor, IGNOU"
www.ignou.ac.in,http://www.ignou.ac.in/,Four-Year Undergraduate Programme,"As a torchbearer of innovation, IGNOU integrates technology with education through                                      initiatives like MOOCs on SWAYAM, SWAYAM PRABHA channels, and e-Gyankosh,                                      ensuring quality education is both accessible and affordable. With 325 programmes,                                      including Four-Year Undergraduate Programmes (FYUP) and skill-based courses, the                                      University continues to align with the National Education Policy 2020 to meet emerging                                      educational and professional needs. IGNOU offers 45 online academic programmes through                                      its own Learning Management System (LMS)."
www.ignou.ac.in,http://www.ignou.ac.in/,FYUP,"As a torchbearer of innovation, IGNOU integrates technology with education through                                      initiatives like MOOCs on SWAYAM, SWAYAM PRABHA channels, and e-Gyankosh,                                      ensuring quality education is both accessible and affordable. With 325 programmes,                                      including Four-Year Undergraduate Programmes (FYUP) and skill-based courses, the                                      University continues to align with the National Education Policy 2020 to meet emerging                                      educational and professional needs. IGNOU offers 45 online academic programmes through                                      its own Learning Management System (LMS)."
www.ignou.ac.in,http://www.ignou.ac.in/pages/32,FYUP,Recently the School has initiated development of four FYUP programmes keeping the mandate of NEP 2020 in mind.
www.ignou.ac.in,http://www.ignou.ac.in/pages/35,Multiple Entry,"To increase both accessibility and acceptability of IGNOU Computer Education Programmes in a coordinated way, ensuring high quality education at various academic levels through well-designed curriculum tuned to the challenging needs of the software industry and  academia; To disseminate knowledge through an innovative multiple media teaching/learning system. To follow a multiple entry and multiple exit model for moving though a set of modular courses for a student to achieve her/his goals. To keep a balance between fundamental concepts, core areas of computer science and specialized skills required while designing curriculum in response to the needs of the market. To conduct quality research in the emerging areas of Computer Science; and To provide specific need based computer education and training opportunities for continuous professional development and skill up-gradation to in-service professionals."
www.ignou.ac.in,http://www.ignou.ac.in/pages/35,Multiple Entry,To follow a multiple entry and multiple exit model for moving though a set of modular courses for a student to achieve her/his goals.
www.ignou.ac.in,http://www.ignou.ac.in/pages/36,Multiple Entry,"The school was established in 2009. Initially the school started with a modular programme having Post Graduate Certificate, PG Diploma and MA in Extension and Development Studies with multiple entry and exit options.Currently the school is offering 1 PhD, 4 Masters, 6 PG Diplomas and 1 Diploma programme. The School is also offering 2 MOOCs.The School is involved in teaching, research and extension activities. The School has also been organizing webinars, seminars, lectures and panel discussions on various occasions. The School has also hosted an U.S. Fulbright Regional Research Scholar in 2019"
www.ignou.ac.in,http://www.ignou.ac.in/pages/36,FYUP,"Prof. Grace Don Nemching Prof. Grace Don Nemching Designation: Professor Specialization: Sociology Academic Level: 13A Joining: 01-09-2009 Email Id: gdnemching@ignou.ac.in Brief Profile: Dr. Grace Don Nemching Grace Don Nemching is currently working as Professor in School of Extension and Development Studies (SOEDS), IGNOU. She worked as a faculty in JMC, DU in the Sociology Department before joining IGNOU. She has completed her Ph.D. from JNU. She has published works in the form of book, book review, wrote articles for journals and has presented papers in seminars and conferences and written more than 50 units for IGNOU Self Learning Materials. She is currently Programme Coordinator for Diploma in Value Education, Post Graduate Diploma in Population and Family Health Studies, Master of Arts in Urban Studies, Post Graduate Diploma in Tribal Studies, Master of Arts in Population and Family Health Studies offered in IGNOU and Course Coordinator of BEDSV101 -Value Education offered as Value Added Course in Four Year Under Graduate program (FYUP). She is presently coordinating Channel 16, SWAYAM PRABHA as well as offering 2 MOOC courses in SWAYAM portal. Official Address: School of Extension & Development Studies (SOEDS), Indira Gandhi National Open University (IGNOU), Maidan Garhi, New Delhi – 110068 New Delhi, India +91-011-29571669 gdnemching@ignou.ac.in Attachments: Designation: Professor Specialization: Sociology Academic Level: 13A Joining: 01-09-2009 , gdnemching@ignou.ac.in"
www.ignou.ac.in,http://www.ignou.ac.in/pages/36,FYUP,"Dr. Grace Don Nemching Grace Don Nemching is currently working as Professor in School of Extension and Development Studies (SOEDS), IGNOU. She worked as a faculty in JMC, DU in the Sociology Department before joining IGNOU. She has completed her Ph.D. from JNU. She has published works in the form of book, book review, wrote articles for journals and has presented papers in seminars and conferences and written more than 50 units for IGNOU Self Learning Materials. She is currently Programme Coordinator for Diploma in Value Education, Post Graduate Diploma in Population and Family Health Studies, Master of Arts in Urban Studies, Post Graduate Diploma in Tribal Studies, Master of Arts in Population and Family Health Studies offered in IGNOU and Course Coordinator of BEDSV101 -Value Education offered as Value Added Course in Four Year Under Graduate program (FYUP). She is presently coordinating Channel 16, SWAYAM PRABHA as well as offering 2 MOOC courses in SWAYAM portal. Official Address: School of Extension & Development Studies (SOEDS), Indira Gandhi National Open University (IGNOU), Maidan Garhi, New Delhi – 110068 New Delhi, India +91-011-29571669 gdnemching@ignou.ac.in"
www.ignou.ac.in,http://www.ignou.ac.in/pages/36,FYUP,"Grace Don Nemching is currently working as Professor in School of Extension and Development Studies (SOEDS), IGNOU. She worked as a faculty in JMC, DU in the Sociology Department before joining IGNOU. She has completed her Ph.D. from JNU. She has published works in the form of book, book review, wrote articles for journals and has presented papers in seminars and conferences and written more than 50 units for IGNOU Self Learning Materials. She is currently Programme Coordinator for Diploma in Value Education, Post Graduate Diploma in Population and Family Health Studies, Master of Arts in Urban Studies, Post Graduate Diploma in Tribal Studies, Master of Arts in Population and Family Health Studies offered in IGNOU and Course Coordinator of BEDSV101 -Value Education offered as Value Added Course in Four Year Under Graduate program (FYUP). She is presently coordinating Channel 16, SWAYAM PRABHA as well as offering 2 MOOC courses in SWAYAM portal."
www.ignou.ac.in,http://www.ignou.ac.in/pages/37,FYUP,"Prof. Deepanwita Srivastava Prof. Deepanwita Srivastava Designation: Professor Specialization: French, Tourism Studies Academic Level: 14 Joining: 01-02-2009 Brief Profile: Deepanwita Srivastava is Professor of French and specializes in the areas of Didactics of French Language, Open Distance & Distributed Learning, Translation & Interpretation and Travel & Mobility Studies. Alumna of the Centre of French and Francophone Studies, Jawaharlal Nehru University, N.Delhi she has a long experience of teaching French at several universities and institutions of Higher Education and is counted among the pioneers of French Studies in Open Distance & Distributed Learning in India. Appointed Principal Lexicographer & Rédactrice en chef (Editor in Chief) for the United Nations Project on the Hindi-French Bilingual Dictionary with the Central Hindi Directorate-- CHD, Ministry of Education, Govt. of India. Designed and developed the first Master’s Program in French in India in the Open & Distance Learning Mode, created French language learning modules for SWAYAM MOOCs, and designed multiple curricula catering to Pedagogy of French as a Foreign Language–Français langue étrangère FLE in ODL models. Actively engaged with Language courses and Skill development in the FYUP Program under the National Council for Vocational Education and Training (NCVET) (Ministry of Skill Development and Entrepreneurship - MSDE), Govt of India and the E-VBAB— E Vidya Bharati Project of the Govt. of India for students from Africa. Coordinator of the Ph.D program in French at the School of Foreign Languages, she has successfully guided several Doctoral research students at IGNOU as well as at other universities contributing to innovation and knowledge creation  in the domain of French Studies. Widely published and Invited/Visiting scholar at several universities abroad, she has been also recipient of International Fellowships from the Shastri Indo Canadian Institute - SICI, Asian Association of Open Universities - AAOU, UNESCO, and the ICSSR. Member, Advisory Boards, Comités scientifiques/Editorial Boards of International journals, Boards of Studies and Academic Councils of universities, Committees on Educational Policies, Curriculum Planning & Research Councils. Actively engaged in workshops, projects and collaborations with the French Embassy in India, Indian Council of Social Sciences Research (ICSSR, Ministry of Education, Govt. of India, Indian Council of Cultural Relations, Ministry of External Affairs, Govt. of India, UNESCO, Bureau du Quebec India,  CEMCA (Commonwealth of Learning- CoL Canada), the Shastri Indo Canadian Institute (SICI), India Africa Virtual University (IAVU, Ministry of External Affairs, Govt. of India), Asian Association of Open Universities (AAOU),  Innovation Council of India and the Indian Institute of Foreign Trade, - IIFT (Ministry of Commerce, Govt. of India). Major publications include “संयुक्त राष्ट्र हिंदी-फ्रासीसी कोश"" (Hindi-French Bilingual Dictionary), Ministry of Education, Govt of India and four more books on Didactics of French Language, Translation and Interpretation, African Francophonie, and Mobility Studies, apart from numerous research publications as book chapters and articles in national and international journals. Was conferred upon the ""Prix d’excellence de l’enseignement du français”– Award for Excellence in French Studies in 2023 by the Institut français en Inde –IFI, Embassy of France in India. Areas of Interest: Didactics of French as a Foreign Language Language Teaching/Learning in Open and Distance Mode Curriculum Planning & Instructional Design in ODL Mobility & Travel Studies Translation & Interpretation Attachments: Designation: Professor Specialization: French, Tourism Studies Academic Level: 14 Joining: 01-02-2009"
www.ignou.ac.in,http://www.ignou.ac.in/pages/37,FYUP,"Deepanwita Srivastava is Professor of French and specializes in the areas of Didactics of French Language, Open Distance & Distributed Learning, Translation & Interpretation and Travel & Mobility Studies. Alumna of the Centre of French and Francophone Studies, Jawaharlal Nehru University, N.Delhi she has a long experience of teaching French at several universities and institutions of Higher Education and is counted among the pioneers of French Studies in Open Distance & Distributed Learning in India. Appointed Principal Lexicographer & Rédactrice en chef (Editor in Chief) for the United Nations Project on the Hindi-French Bilingual Dictionary with the Central Hindi Directorate-- CHD, Ministry of Education, Govt. of India. Designed and developed the first Master’s Program in French in India in the Open & Distance Learning Mode, created French language learning modules for SWAYAM MOOCs, and designed multiple curricula catering to Pedagogy of French as a Foreign Language–Français langue étrangère FLE in ODL models. Actively engaged with Language courses and Skill development in the FYUP Program under the National Council for Vocational Education and Training (NCVET) (Ministry of Skill Development and Entrepreneurship - MSDE), Govt of India and the E-VBAB— E Vidya Bharati Project of the Govt. of India for students from Africa. Coordinator of the Ph.D program in French at the School of Foreign Languages, she has successfully guided several Doctoral research students at IGNOU as well as at other universities contributing to innovation and knowledge creation  in the domain of French Studies. Widely published and Invited/Visiting scholar at several universities abroad, she has been also recipient of International Fellowships from the Shastri Indo Canadian Institute - SICI, Asian Association of Open Universities - AAOU, UNESCO, and the ICSSR. Member, Advisory Boards, Comités scientifiques/Editorial Boards of International journals, Boards of Studies and Academic Councils of universities, Committees on Educational Policies, Curriculum Planning & Research Councils. Actively engaged in workshops, projects and collaborations with the French Embassy in India, Indian Council of Social Sciences Research (ICSSR, Ministry of Education, Govt. of India, Indian Council of Cultural Relations, Ministry of External Affairs, Govt. of India, UNESCO, Bureau du Quebec India,  CEMCA (Commonwealth of Learning- CoL Canada), the Shastri Indo Canadian Institute (SICI), India Africa Virtual University (IAVU, Ministry of External Affairs, Govt. of India), Asian Association of Open Universities (AAOU),  Innovation Council of India and the Indian Institute of Foreign Trade, - IIFT (Ministry of Commerce, Govt. of India). Major publications include “संयुक्त राष्ट्र हिंदी-फ्रासीसी कोश"" (Hindi-French Bilingual Dictionary), Ministry of Education, Govt of India and four more books on Didactics of French Language, Translation and Interpretation, African Francophonie, and Mobility Studies, apart from numerous research publications as book chapters and articles in national and international journals. Was conferred upon the ""Prix d’excellence de l’enseignement du français”– Award for Excellence in French Studies in 2023 by the Institut français en Inde –IFI, Embassy of France in India. Areas of Interest: Didactics of French as a Foreign Language Language Teaching/Learning in Open and Distance Mode Curriculum Planning & Instructional Design in ODL Mobility & Travel Studies Translation & Interpretation"
www.ignou.ac.in,http://www.ignou.ac.in/pages/37,FYUP,"Deepanwita Srivastava is Professor of French and specializes in the areas of Didactics of French Language, Open Distance & Distributed Learning, Translation & Interpretation and Travel & Mobility Studies. Alumna of the Centre of French and Francophone Studies, Jawaharlal Nehru University, N.Delhi she has a long experience of teaching French at several universities and institutions of Higher Education and is counted among the pioneers of French Studies in Open Distance & Distributed Learning in India. Appointed Principal Lexicographer & Rédactrice en chef (Editor in Chief) for the United Nations Project on the Hindi-French Bilingual Dictionary with the Central Hindi Directorate-- CHD, Ministry of Education, Govt. of India. Designed and developed the first Master’s Program in French in India in the Open & Distance Learning Mode, created French language learning modules for SWAYAM MOOCs, and designed multiple curricula catering to Pedagogy of French as a Foreign Language–Français langue étrangère FLE in ODL models. Actively engaged with Language courses and Skill development in the FYUP Program under the National Council for Vocational Education and Training (NCVET) (Ministry of Skill Development and Entrepreneurship - MSDE), Govt of India and the E-VBAB— E Vidya Bharati Project of the Govt. of India for students from Africa. Coordinator of the Ph.D program in French at the School of Foreign Languages, she has successfully guided several Doctoral research students at IGNOU as well as at other universities contributing to innovation and knowledge creation  in the domain of French Studies. Widely published and Invited/Visiting scholar at several universities abroad, she has been also recipient of International Fellowships from the Shastri Indo Canadian Institute - SICI, Asian Association of Open Universities - AAOU, UNESCO, and the ICSSR. Member, Advisory Boards, Comités scientifiques/Editorial Boards of International journals, Boards of Studies and Academic Councils of universities, Committees on Educational Policies, Curriculum Planning & Research Councils. Actively engaged in workshops, projects and collaborations with the French Embassy in India, Indian Council of Social Sciences Research (ICSSR, Ministry of Education, Govt. of India, Indian Council of Cultural Relations, Ministry of External Affairs, Govt. of India, UNESCO, Bureau du Quebec India,  CEMCA (Commonwealth of Learning- CoL Canada), the Shastri Indo Canadian Institute (SICI), India Africa Virtual University (IAVU, Ministry of External Affairs, Govt. of India), Asian Association of Open Universities (AAOU),  Innovation Council of India and the Indian Institute of Foreign Trade, - IIFT (Ministry of Commerce, Govt. of India). Major publications include “संयुक्त राष्ट्र हिंदी-फ्रासीसी कोश"" (Hindi-French Bilingual Dictionary), Ministry of Education, Govt of India and four more books on Didactics of French Language, Translation and Interpretation, African Francophonie, and Mobility Studies, apart from numerous research publications as book chapters and articles in national and international journals. Was conferred upon the ""Prix d’excellence de l’enseignement du français”– Award for Excellence in French Studies in 2023 by the Institut français en Inde –IFI, Embassy of France in India."
www.ignou.ac.in,http://www.ignou.ac.in/pages/28,FYUP,Bachelor of Arts(BAM(FYUP))
www.ignou.ac.in,http://www.ignou.ac.in/pages/28,FYUP,Bachelor of Art-Urdu (FYUP)(BAFUD)
www.ignou.ac.in,http://www.ignou.ac.in/pages/28,FYUP,Bachelor of Arts-English (FYUP)(BAFEG)
www.jguni.in,https://www.jguni.in/bcom.html,Multiple Entry,Multiple entry and exit options allowed based on National Education Policy
www.jguni.in,https://www.jguni.in/bca.html,Multiple Entry,Multiple entry and exit options allowed based on National Education Policy
www.jguni.in,https://www.jguni.in/imca.html,Multiple Entry,Multiple entry and exit options allowed based on National Education Policy
www.jguni.in,https://www.jguni.in/bba.html,Multiple Entry,Multiple entry and exit options allowed based on National Education Policy
www.jguni.in,https://www.jguni.in/imba.html,Multiple Entry,Multiple entry and exit options allowed based on National Education Policy
www.kkuniversity.ac.in,https://www.kkuniversity.ac.in/nep,Multiple Entry,"As per new structure and duration of undergraduate programmes proposed by NEP 2020, K. K. University is offering 1 year Certification, 2 Years Diploma, 3 Years Bachelor and 4 Year Bachelor with Honours programmes for the students to experience full range of holistic and multidisciplinary education. The programmes will offer flexible and innovative curriculum with multiple entry/exit during this period, with appropriate certification:"
msuniversity.ac.in,https://msuniversity.ac.in/,FYUP,"19 Jul 2025 Press release: Date extension for Online Registration of UG (BBA, BCom, (FYUP)) Courses Session 2025-26"
msuniversity.ac.in,https://msuniversity.ac.in/,FYUP,03 Jul 2025 Office Order: Related to Conduct BBA & B.Com (FYUP) Course on UG level in academic session 2025-26
msuniversity.ac.in,https://msuniversity.ac.in/index.php,FYUP,"19 Jul 2025 Press release: Date extension for Online Registration of UG (BBA, BCom, (FYUP)) Courses Session 2025-26"
msuniversity.ac.in,https://msuniversity.ac.in/index.php,FYUP,03 Jul 2025 Office Order: Related to Conduct BBA & B.Com (FYUP) Course on UG level in academic session 2025-26
mitsgwalior.in,https://mitsgwalior.in/,Multiple Entry,"Highlights All Academic Examination Admission Events Tender Recruitment एआईसीटीई प्रगति / सक्षम / स्वानाथ / छात्रवृत्ति योजनाओं हेतु पात्र विद्यार्थियों द्वारा आवेदन किये जाने बाबत, Notice No. 142, Dated 23.09.2025 IUMS Portal / MOODLE / Enrolment List में जानकारी सुधार संबंधी सूचना, Notice No. 143, Dated 23.09.2025 India Skills Competition - 2025, Notice No. 99, Dated 18.09.2025 Tender document for Sports Items Order regarding mandatory carrying of ID cards within MITS-DU premises Notice regarding  2nd Phase of Counselling for the multiple Entry Multiple Exit System 2nd Phase of Counselling for Multiple Entry Multiple Exit System, Notice No. 94, Dated 12.09.2025 Notice regarding Ph.D Admission Test (Pre-Qualifying Exam) admission under Visvesvaraya Scheme Tender document for Performance Investigation of modified hybrid active Greenhouse dryer coupled with evacuated tube water collector (Revised Last date 06/10/2025) Date of application to Ph.D Admission under Visvesvaraya Scheme, for Electronics and IT, Phase-II is extended up to 10 September 2025 (Written-cum-interview Date: 15/09/2025) Notice regarding Backlog and Year-Back Registration Process Notice regarding Post Matric Scholarship Challenge Notice June - 2025 Examination (RGPV Affiliated) Notice regarding Student Training under CSIR and Government of Madhya Pradesh Skill Enhancement Scheme Notice regarding Ph.D Admission Test (Pre-Qualifying Exam) admission under Visvesvaraya Scheme Student Club List 2025-26 Revaluation Result June 2025 Examination (RGPV Affiliated) Notice regarding Post Metric Scholarship PhD Course Work January-June Result Notice Invitation for ""Expression of Interest” from the eligible experts/Individual consultants having expertise in the area of Artificial Intelligence Notice regarding Post Matric Scholarship Notice Result Declaration Summer semester July 2025 Hostel allotment provisional list Notice regarding Direct Admission to Second Year of UG & PG Programmes (2025–26) under Multiple Entry and Multiple Exit(MEME) option as per NEP 2020 Guidelines Selected Candidates for Admission to Ph.D. Programme & Counselling Notification Advertisement for Admission to Ph.D. Programme (Academic Year 2025-26) under Visvesvaraya PhD Scheme, for Electronics and IT, Phase-II, Digital India Corporation, MietY, GoI Advertisement for Post Doctoral Fellowship (PDF) (2025-26) under Visvesvaraya Scheme, for Electronics and IT, Digital India Corporation, MietY, GoI B.Tech and M.Tech Admissions 2025 Interview Schedule for Admission to Ph.D. under Visvesvaraya Scheme Interview Schedule for Admission to Ph.D. under MITS-DU List of Candidates Shortlisted for Interview for Ph.D. Admission under MITS-DU List of Candidates Shortlisted for Interview for Ph.D. Admission under Visvesvaraya Scheme Summer Semester July 2025 Examination Hall Notice Interview-cum-Presentation Schedule for Admission to Post Doctoral Fellowship (PDF) under Visvesvaraya Scheme Interview-cum-Presentation Schedule for Admission to Post Doctoral Fellowship (PDF) under MITS-DU Notice regarding Ph.D Admission Test (Pre-Qualifying Exam) under Visvesvaraya Scheme Notice regarding Ph.D Admission Test (Pre-Qualifying Exam) Major Evaluation Summer Semester Timetable July 2025 Notice regarding Academic Fee Submission Notice regarding NEC registration for B.Tech and B.Arch 3rd Semester Students (Jan. - June 2025 Semester) Schedule of Interview for Assistant Engineer & Sports Officer (On purely Contractual Basis) Interview Schedule for the Post of Assistant Professor (Purely on Contractual Basis) Applications are invited in the prescribed proforma for the appointment/engagement of Assistant Professor (on purely contract basis) Notice regarding Branch Change Notice for Answer Book Downloading June 2025 Examination (Except VI Semester) Branch Upgradation Notice || Third Semester || Session: 2025-26 Shortlisted candidates & Schedule of interview against the recruitment notification No. Advt./Faculty/2025/1 dated 28.04.2025 II semester Result Notification for all UG & PG Programmes Notice regarding Medhavi Vidyarthi Yojana Notice regarding Post Doctoral Fellowship (PDF) Admissions-2025 Notice regarding Ph.D Admissions - 2025 Applications are invited for the contractual position of Junior Research Fellow UFM Notice for First year Second Semester Major Evaluation Ph.D. Course Work Major Evaluation Timetable June 2025 Call for Papers || IEEE - iCONECCT - 2025 Applications are invited for the engagement of Assistant Engineer - Civil Engineering & Sports Officer on purely temporary basis(contract position) Important Notice for Institute Level NPTEL Exam June - 2025 Revised NPTEL Institute Level Exam B.Tech. & B.Arch. VI & VIII Semester June 2025 Examination (RGPV Affiliated) dt. 27.05.2025 Research Internship - 2025 (for 3rd year students) || Apply online 𝐂𝐚𝐥𝐥 𝐟𝐨𝐫 𝐏𝐚𝐩𝐞𝐫𝐬 – 𝟕𝐭𝐡 𝐈𝐧𝐭𝐞𝐫𝐧𝐚𝐭𝐢𝐨𝐧𝐚𝐥 𝐂𝐨𝐧𝐟𝐞𝐫𝐞𝐧𝐜𝐞 𝐨𝐧 𝐒𝐮𝐬𝐭𝐚𝐢𝐧𝐚𝐛𝐥𝐞 𝐚𝐧𝐝 𝐈𝐧𝐧𝐨𝐯𝐚𝐭𝐢𝐯𝐞 𝐒𝐨𝐥𝐮𝐭𝐢𝐨𝐧𝐬 𝐟𝐨𝐫 𝐂𝐮𝐫𝐫𝐞𝐧𝐭 𝐂𝐡𝐚𝐥𝐥𝐞𝐧𝐠𝐞𝐬 𝐢𝐧 𝐄𝐧𝐠𝐢𝐧𝐞𝐞𝐫𝐢𝐧𝐠 & 𝐓𝐞𝐜𝐡𝐧𝐨𝐥𝐨𝐠𝐲 एआईसीटीई प्रगति / सक्षम / स्वानाथ / छात्रवृत्ति योजनाओं हेतु पात्र विद्यार्थियों द्वारा आवेदन किये जाने बाबत, Notice No. 142, Dated 23.09.2025 IUMS Portal / MOODLE / Enrolment List में जानकारी सुधार संबंधी सूचना, Notice No. 143, Dated 23.09.2025 Order regarding mandatory carrying of ID cards within MITS-DU premises Notice regarding Backlog and Year-Back Registration Process Notice regarding Post Matric Scholarship Notice regarding Student Training under CSIR and Government of Madhya Pradesh Skill Enhancement Scheme Student Club List 2025-26 Notice regarding Post Metric Scholarship Notice regarding Post Matric Scholarship Hostel allotment provisional list Notice regarding Academic Fee Submission Notice regarding NEC registration for B.Tech and B.Arch 3rd Semester Students (Jan. - June 2025 Semester) Notice regarding Branch Change Branch Upgradation Notice || Third Semester || Session: 2025-26 Shortlisted candidates & Schedule of interview against the recruitment notification No. Advt./Faculty/2025/1 dated 28.04.2025 Notice regarding Medhavi Vidyarthi Yojana Research Internship - 2025 (for 3rd year students) || Apply online Notice regarding stationery Distribution(for SC/ST Students) Notice regarding Post Matric Scholarship Notice regarding Academic fee submission Notice regarding B.Tech./B.Arch./MBA/MCA I semester (July-Dec. 2024 session) result declaration Notice regarding Post Matric Scholarship Notice regarding Ph.D. Course work स्वर्गीय राजमाता विजयाराजे सिंधिया नारी शक्ति सम्मान एवं स्वर्गीय महाराज माधवराव सिंधिया कुशल प्रशासक सम्मान हेतु नामांकन। Notice regarding AICTE Doctoral Fellowship Notice regarding Post Matric Scholarship Notice regarding Post Matric Scholarship Notice regarding Medhavi Vidyarthi Yojana Notice regarding Skills Internship Program - I (Soft Skills) for 1st Year students (23rd-31st January 2025) Notice regarding Academic fee submission List of courses offered in Open Category and Minor Specialization (Jan-June 2025) Eligibility for Open Category [OC-3] Courses (Jan-June 2025) Notice regarding NEC registration for B.Tech and B.Arch 4th and 6th Semester Students (Jan. - June 2025 Session) Notice regarding OC-1 Registration (for 3rd year students) Notice regarding academic fee submission Notice regarding Post Matric Scholarship Notice regarding submission of original documents(for Lateral entry students) The Summer Internship Program-I (SIP-I) for B.Tech and B.Arch undergraduate students of the 2023-admitted batch (III Semester, II Year) is scheduled to take place from December 9, 2024, to December 19, 2024 Notice regarding Post Matric Scholarship Notice regarding Medhavi Vidyarthi Yojana Notice regarding Novel Engaging Course Registration Process for B.Tech & B.Arch 1st semester students(July-Dec 2024) Revised Schedule of 2024 admitted students Induction programme Ph.D Supervisor(s) Allotment Lists Notice regarding Post Matric Scholarship Internal hackathon will be held on 7th September 2024 at 11 AM in the HPC Lab of Centre for Artificial intelligence List of Eligible Supervisors to Guide Ph.D Scholars at MITS - DU Notice regarding Ph.D six monthly progress review Notice regarding Academic fee submission(for MBA) Circular for online registration for NSS volunteers Faculty Coordinator List (July-Dec 2024) Notice regarding DE/OC registration for VII semester Students Notice regarding Branch Change List of Elective/Honor/Minor/Self study courses offered in V and VII semester through SWAYAM/NPTEL for session July-Dec 2024 Notice regarding No-Dues Procedure for final year students Notice regarding Post Matric Scholarship Notice regarding NEC registration for B.Tech and B.Arch 3rd and 5th Semester Students Notice regarding academic fee submission (Ph.D) Notice regarding stationery Distribution(for SC/ST Students) Notice regarding mukhyamantri jankalyan shiksha protsahan yojana Notice regarding NPCI status for post matric scholarship Challenge Notice June - 2025 Examination (RGPV Affiliated) Revaluation Result June 2025 Examination (RGPV Affiliated) PhD Course Work January-June Result Notice Notice Result Declaration Summer semester July 2025 Summer Semester July 2025 Examination Hall Notice Major Evaluation Summer Semester Timetable July 2025 Notice for Answer Book Downloading June 2025 Examination (Except VI Semester) II semester Result Notification for all UG & PG Programmes UFM Notice for First year Second Semester Major Evaluation Ph.D. Course Work Major Evaluation Timetable June 2025 Important Notice for Institute Level NPTEL Exam June - 2025 Revised NPTEL Institute Level Exam B.Tech. & B.Arch. VI & VIII Semester June 2025 Examination (RGPV Affiliated) dt. 27.05.2025 Revised and Additional Time Table June 2025 Examination (RGPV Affiliated) Dt. 06.05.2025 Revised and Additional Time Table June 2025 Examination (RGPV Affiliated) Dt. 02.05.2025 Revised Time Table June 2025 Examination (RGPV Affiliated) Dt. 01.05.2025 Revised and Additional Time Table June 2025 Examination (RGPV Affiliated) Dt. 29.04.2025 UG & PG Major Evaluation May 2025 II Semester Timetable MITS-DU Additional Time Table June 2025 Examination (RGPV Affiliated) dt. 26.04.2025 Revised Time Table June 2025 Examination (RGPV Affiliated) Dt. 23.04.2025 Additional Time Table For Lateral Entry Student June 2025 Examination (RGPV Affiliated) Dt. 26.04.2025 Revised and Additional Time Table June 2025 Examination (RGPV Affiliated) End Semester Examination Time Table January - June - 2025 (RGPV Affiliated) Notice regarding M.E./M.Tech./MUP I semester result declaration (July-Dec. 2024 session) CGPA Improvement Exam Form Submission Notice June 2025 Examination Notice For Exam Form Submission - April/May 2025 Examination (Only for Students Enrolled Under RGPV) Challenge Notice Dec. 2024 Examination (RGPV Affiliated) Revaluation Result December 2024 Examination (RGPV Affiliated) Notice Regarding Main Degree Notice regarding Ph.D. Course work result declaration Notice for Students dt. 17.02.2025 Revaluation Notice Nov.-Dec. 2024 Examination UFM Notice for Students (Dec. 2024 Examination) (MITS - DU) UFM Notice for Students (Dec. 2024 Examination) Important Notice for Degree fee (Ex Students - Dec. 2024 exam) First Semester Ph.D. Major Evaluation Time Table (July-December 2024 Session) B.E. (CBCS) End Semester Time Table Dec 2024(NFTE student) First Semester PG  Major Evaluation timetable for July-Dec. 2024 session First Semester UG  Major Evaluation timetable for July-Dec. 2024 session Additional Time Table dt. 12.12.2024 (110711, 900215, 2220223, 900203 & 110753) Revised Mode of Exam Dec 2024 (910116,910103 & 910121) Revised Time Table on 05.12.2024 (2110424/110414, 1000001, 1000005 & 100016) Important Notice for Students Regarding ABC ID Additional Time Table Dec. 2024 dt 05.12.2024 (3160122) Additional Time Table Dec. 2024 dt 04.12.2024 Notice for revised Time for Jul-Dec 2024 Examination dated on 04th and 07th December 24 Additional Time Table Notice for subject code 2220122 - Digital Electronics and Logic Design Revised Time Table of I Sem Ex (Electronics Engineering & Architecture) Dec. 2024 Additional Time Table Dec. 2024 MBA Ex Students Additional Time Table Dec. 2024 Chemical Engineering (2019 Batch) Additional Time Table Dec. 2024 dt 25.11.2024 Revised Time Table on 23.11.2024 TIME TABLE FOR CGPA IMOROVEMENT STUDENTS - DECEMBER 2024 EXAMINATION Revised Time-Table Jul-Dec 2024 Examination 22.11.2024 Additional Time-Table Jul-Dec 2024 Examination Revised Time-Table Jul-Dec 2024 Examination Important Notice regarding Exam form CGPA Improvement Notice December 2024 Examination Revised Jul-Dec 2024 Examination Time-Table UG & PG 19.11.2024 TIME TABLE FOR M.B.A. End Semester Examination - December 2024 Jul-Dec 2024 Examination Time Table for MBA All Regular & Ex Notice regarding  2nd Phase of Counselling for the multiple Entry Multiple Exit System 2nd Phase of Counselling for Multiple Entry Multiple Exit System, Notice No. 94, Dated 12.09.2025 Notice regarding Ph.D Admission Test (Pre-Qualifying Exam) admission under Visvesvaraya Scheme Date of application to Ph.D Admission under Visvesvaraya Scheme, for Electronics and IT, Phase-II is extended up to 10 September 2025 (Written-cum-interview Date: 15/09/2025) Notice regarding Ph.D Admission Test (Pre-Qualifying Exam) admission under Visvesvaraya Scheme Notice regarding Direct Admission to Second Year of UG & PG Programmes (2025–26) under Multiple Entry and Multiple Exit(MEME) option as per NEP 2020 Guidelines Selected Candidates for Admission to Ph.D. Programme & Counselling Notification Advertisement for Admission to Ph.D. Programme (Academic Year 2025-26) under Visvesvaraya PhD Scheme, for Electronics and IT, Phase-II, Digital India Corporation, MietY, GoI Advertisement for Post Doctoral Fellowship (PDF) (2025-26) under Visvesvaraya Scheme, for Electronics and IT, Digital India Corporation, MietY, GoI B.Tech and M.Tech Admissions 2025 Interview Schedule for Admission to Ph.D. under Visvesvaraya Scheme Interview Schedule for Admission to Ph.D. under MITS-DU List of Candidates Shortlisted for Interview for Ph.D. Admission under MITS-DU List of Candidates Shortlisted for Interview for Ph.D. Admission under Visvesvaraya Scheme Interview-cum-Presentation Schedule for Admission to Post Doctoral Fellowship (PDF) under Visvesvaraya Scheme Interview-cum-Presentation Schedule for Admission to Post Doctoral Fellowship (PDF) under MITS-DU Notice regarding Ph.D Admission Test (Pre-Qualifying Exam) under Visvesvaraya Scheme Notice regarding Ph.D Admission Test (Pre-Qualifying Exam) Notice regarding Post Doctoral Fellowship (PDF) Admissions-2025 Notice regarding Ph.D Admissions - 2025 Applications are invited for the Post Doctoral Fellowship in the areas of Artificial Intelligence and Internet of Things (IoT) Notice regarding QIP admission Admissions under QIP 2025-26 (Notification) Notice regarding Ph.D. Counselling Shortlisted Candidates for Admission to Ph.D. Programme in Thrust Areas  of Engineering & Technology/ Engineering Sciences Notice regarding Ph.D Admission Entrance Test 2025 Advertisement for admission to Ph.D. Programme (2024-25) in the Thrust Areas The College Level Counselling (CLC) for B.Tech./B.Arch./M.Tech./MCA/MBA/Lateral Entry-B.Tech. will be held as per schedule notified by DTE, Madhya Pradesh, subjected to availability of vacant seats. For online registration & more details visit DTE website AICTE Yashasvi (Young Achievers’ Scholarship and Holistic Academic Skills Venture Initiative) Scheme Guidelines 2024 List of selected candidates for admission to Ph.D. programme in various disciplines Ph.D. and Research Assistant interview will be conducted on 07, 08 & 09 August 2024 Ph.D. and Research Assistant Admission Entrance test will be conducted on 2nd August 2024, at 2.00 PM in the Madhav Institute of Technology & Science, Deemed University, Gwalior Notice regarding AICTE Doctoral Fellowship (ADF) 2024-25 Ph.D admissions:- Applications are invited from the eligible candidates for the admission to Ph.D. Programme QIP Admission 2024-25 B.Arch. Admissions 2023- College Level Councelling(CLC) schedule College Level Councelling: 2023 Admissions College Level Counselling (CLC) of B.Arch. course will be held on 29.08.2023 & 31.08.2023, Interested candidates may report as per above schedule. Admissions-2023 [Bachelor of Technology] Notice regarding QIP Admissions(ME/M.Tech/Ph.D) Notice regarding College Level Counselling (CLC)- Admissions 2022 Notice regarding College Level Counselling (CLC) against few vacant seats in B.Arch. course Post Graduate Course in “URBAN PLANNING” Admissions 2023-24 India Skills Competition - 2025, Notice No. 99, Dated 18.09.2025 Call for Papers || IEEE - iCONECCT - 2025 𝐂𝐚𝐥𝐥 𝐟𝐨𝐫 𝐏𝐚𝐩𝐞𝐫𝐬 – 𝟕𝐭𝐡 𝐈𝐧𝐭𝐞𝐫𝐧𝐚𝐭𝐢𝐨𝐧𝐚𝐥 𝐂𝐨𝐧𝐟𝐞𝐫𝐞𝐧𝐜𝐞 𝐨𝐧 𝐒𝐮𝐬𝐭𝐚𝐢𝐧𝐚𝐛𝐥𝐞 𝐚𝐧𝐝 𝐈𝐧𝐧𝐨𝐯𝐚𝐭𝐢𝐯𝐞 𝐒𝐨𝐥𝐮𝐭𝐢𝐨𝐧𝐬 𝐟𝐨𝐫 𝐂𝐮𝐫𝐫𝐞𝐧𝐭 𝐂𝐡𝐚𝐥𝐥𝐞𝐧𝐠𝐞𝐬 𝐢𝐧 𝐄𝐧𝐠𝐢𝐧𝐞𝐞𝐫𝐢𝐧𝐠 & 𝐓𝐞𝐜𝐡𝐧𝐨𝐥𝐨𝐠𝐲 Call For Paper || 3rd International Student Conference on Multidisciplinary and Current Technical Research (ISCMCTR - 2025) 6th International Conference on Sustainable and Innovative Solutions for Current Challenges in Engineering & Technology (ICSISCET 2024), October 26-27, 2024 STARTUPNEST 2.0 We cordially invite students & their parents and Alumni of the Institute on the occasion of “Inauguration of Academic Block “ & “Celebration of Deemed to be University Status” on 10 march 2024( 3:00 PM onwards) Deadline for paper submissions has been extended for the 2nd International Student Conference on Multidisciplinary and Current Technical Research (ISCMCTR 2024) Technical Schedule for 39th M.P. Young Scientist Congress 2024 2nd International Student Conference on Multidisciplinary and Current Technical Research (ISCMCTR - 2024) Extended Date (20.01.2024) for Paper Submission in MITS Journal Youth Day Event organized by the ISTE Students Chapter & Holistic Health Club Call for Papers - MITS Journal (Last Date for Paper Submission: 30.12.2023) 5th International Conference on Sustainable and Innovative Solutions for Current Challenges in Engineering & Technology (ICSISCET 2023), October 20-21, 2023 International Student Conference on Multidisciplinary and Current Technical Research (ISCMCTR-2023), May 20-21, 2023 Model and Poster Presentation Competition on March 02, 2023 Two-Days Awareness Programme on ‘Innovative Construction Technologies & Thermal Comfort in Affordable Housings’ will be held on 12th & 13th Jan. 2023 Celebrating ""National Youth Day"" on January 12, 2023 Tender document for Sports Items Tender document for Performance Investigation of modified hybrid active Greenhouse dryer coupled with evacuated tube water collector (Revised Last date 06/10/2025) Tender document for Laying of underground cables & associated Electrical Work(2nd call)- tender submission date is extended till 20/02/2025 2PM Expression of Interest (EOI) for Empanelment of Vendors to provide operational catering services in Mess of Hostels (Boys/Girls) Tender document for the procurement of cleaning items Tender document for Procurement of Stationery & Printing Items Tender document for Supply of Equipments etc. for Maintenance of Cricket & Football Ground The MITS campus Tender document for fire safety system installation in the academic and residential buildings (2nd call) Tender documents for Routine Construction and Civil maintenance work(2nd call) Invitation for ""Expression of Interest” from the eligible experts/Individual consultants having expertise in the area of Artificial Intelligence Schedule of Interview for Assistant Engineer & Sports Officer (On purely Contractual Basis) Interview Schedule for the Post of Assistant Professor (Purely on Contractual Basis) Applications are invited in the prescribed proforma for the appointment/engagement of Assistant Professor (on purely contract basis) Applications are invited for the contractual position of Junior Research Fellow Applications are invited for the engagement of Assistant Engineer - Civil Engineering & Sports Officer on purely temporary basis(contract position) Applications are invited for the regular position of Professor/Associate Professor/Assistant Professor and Contractual engagement of Professor of Practice & Student Counsellor Shortlisted Candidates & Schedule of interview(Phase-II) for the position of Assistant Professor against the recruitment notification No. Advt./HR/2024/1 dated 28.10.2024 Shortlisted candidates for the personal interview(Recruitment notification No. Advt./HR/2024/1 dated 28.10.2024) Schedule of  interview for the position of Assistant Professor against the recruitment notification No. Advt./HR/2024/1 dated 28.10.2024 Applications are invited for regular position of Assistant Professor (Ref. No.: Advt./HR/2024/1) Notice regarding walk-in interview for the post of Assistant Professor (On Purely Contract Basis) in Architecture and Computer Science & Engineering Discipline Schedule of Interview for contract faculty recruitment as per Notification No. Advt. (Cont.)/HR /2024/01 dated 20.06.2024 Applications are invited from the eligible candidates for the engagement of Ombudsperson (Part time) as per UGC (Redressal of Grievances of Students) Regulations-2023 Applications are invited for Research Assistantship/Research Associates (RA) Applications are invited in prescribed proforma for the appointment/engagement of Assistant Professor (on purely contract basis) Shortlisted candidates for personal Interview against the recruitment notification No. Advt./HR/2023/1 dated 05.09.2023 and Advt./HR/2023/2 dated 05/10/2023 (Phase-III  25.02.2024-28.02.2024) Shortlisted candidates for personal Interview against the recruitment notification No. Advt./HR/2023/1 dated 05.09.2023 and Advt./HR/2023/2 dated 05/10/2023 (Phase-II 09.02.2024 to 12.02.2024) Revised Schedule of personal interview for the recruitment of Associate Professor in AIML (Artificial Intelligence and Machine Learning) against Advt./HR/2023/1 dated 05.09.2023 Shortlisted candidates for personal Interview against the recruitment notification No. Advt./HR/2023/1 dated 05.09.2023 and Advt./HR/2023/2 dated 05/10/2023 (Phase-I  28.01.2024 to 31.01.2024). ) Revised schedule of Interview against the recruitment notification No. Advt./HR/2023/1 dated 05.09.2023 and Advt./HR/2023/2 dated 05/10/2023 Oniine applications are invited for the engagement of Research Assistants for Full time Ph.D. Fellowship under Research Assistantship scheme of Institute The interview for the Faculty & TPO post against the recruitment notification No. Advt./HR/2023/1 dated 05.09.2023 and Advt./HR/2023/2 dated 05/10/2023 will be conducted from 28.01.2024 onwards Notification for Empanelment of off-campus faculty Applications are invited in prescribed proforma for the regular position of Assistant Professor/Associate Professor (Advt./HR/2023/2) The personal interview cum presentation for the candidates applied against the Notification No.Advt\HR\2023 dated 31.08.2023 for Research Associate is scheduled to be held on 03.10.2023 from 11:30 A.M. onwards Applications are invited in prescribed proforma for the regular position of Assistant Professor/Associate Professor and Training & Placement Officer (Advt./HR/2023/1) Recruitment of Research Associate under Ministry of Textiles, Govt. of India, sponsored research project"
mitsgwalior.in,https://mitsgwalior.in/,Multiple Entry,Notice regarding  2nd Phase of Counselling for the multiple Entry Multiple Exit System
mitsgwalior.in,https://mitsgwalior.in/,Multiple Entry,"2nd Phase of Counselling for Multiple Entry Multiple Exit System, Notice No. 94, Dated 12.09.2025"
mitsgwalior.in,https://mitsgwalior.in/,Multiple Entry,Notice regarding Direct Admission to Second Year of UG & PG Programmes (2025–26) under Multiple Entry and Multiple Exit(MEME) option as per NEP 2020 Guidelines
mitsgwalior.in,https://mitsgwalior.in/,Multiple Entry,Notice regarding  2nd Phase of Counselling for the multiple Entry Multiple Exit System
mitsgwalior.in,https://mitsgwalior.in/,Multiple Entry,"2nd Phase of Counselling for Multiple Entry Multiple Exit System, Notice No. 94, Dated 12.09.2025"
mitsgwalior.in,https://mitsgwalior.in/,Multiple Entry,Notice regarding Direct Admission to Second Year of UG & PG Programmes (2025–26) under Multiple Entry and Multiple Exit(MEME) option as per NEP 2020 Guidelines
mitsgwalior.in,https://mitsgwalior.in/,Multiple Entry,Notice regarding Direct Admission  to Second Year of UG & PG Programmes (2025–26) under Multiple Entry and Multiple Exit(MEME) option as per NEP 2020 Guidelines
mssu.ac.in,https://mssu.ac.in/vice-chancellors-message/,Multiple Entry,"I am honoured and privileged to lead Maharashtra State Skills University as its Founding Vice Chancellor. The university stand on the Principles of making Education the pathway to make students confident by imparting appropriate skills and knowledge that is the need of the industry and Society at large. It is envisaged that the University shall nurture talent who can contribute responsibly to the future Society. While Skills and Knowledge imparting remains the core focus for the University the educational Goal is to create persons of high moral and ethics. As stated by Swami Vivekananda “We want the education by which character is formed, strength of mind is increased, the intellect is expanded, and by which one can stand on one’s own feet” MSSU shall strive to create empowered youth who shall be provided hands on skilling, foundation skilling, upskilling , reskilling and building future skills acumen at all levels with multiple entry and exit options."
mdu.ac.in,https://mdu.ac.in/default.aspx,Multiple Entry,MDU-Regulations for admission under 'Multiple Entry Multiple Exit' (MEME) Scheme of NEP-2020.
www.mangalayatan.in,https://www.mangalayatan.in/btech-admission/btech-ai-and-ml-admission/,4-year degree,"Mangalayatan University, Aligarh, is one of the best private colleges offering B.Tech admission in AI and ML. B.Tech in AI & ML is a 4-year degree program primarily focusing on technological learning of computer science programming and alphanumeric coding. This four-year undergraduate program equips students with the theoretical knowledge and practical skills necessary to innovate and excel in the rapidly evolving field of artificial intelligence and machine learning."
mlcuniv.in,https://mlcuniv.in/academic-bank-of-credits-abc/,Multiple Entry,"Allows multiple entry, multiple exit for students"
rmpssu.ac.in,https://rmpssu.ac.in/,FYUP,Curricular & Credit Framework for Four Year Undergraduate Programme (FYUP) एन०ई०पी० यू०जी० एवं पी०जी० अध्यादेश  के सम्बन्ध में | Dated: 24-Jul-2025
rmpssu.ac.in,https://rmpssu.ac.in/,FYUP,Curricular & Credit Framework for Four Year Undergraduate Programme (FYUP) एन०ई०पी० यू०जी० एवं पी०जी० अध्यादेश  के सम्बन्ध में | Dated: 24-Jul-2025
rmpssu.ac.in,https://rmpssu.ac.in/,FYUP,Curricular & Credit Framework for Four Year Undergraduate Programme (FYUP) एन०ई०पी० यू०जी० एवं पी०जी० अध्यादेश  के सम्बन्ध में | Dated: 24-Jul-2025
www.rgu.ac.in,https://www.rgu.ac.in/vice-chancellor/,Multiple Entry,"Looking at the potentials of the region, there is a need to boost vocational education on a larger scale. In the past the Government has supported such vocational centres during XII plan period in form of ‘Deen Dayal Upadhyaya Centres’ for Knowledge Acquisition and Up-gradation of Skilled Human Abilities and Livelihood (KAUSHAL)’. These centers are meant to take-up the vocational education to new levels and offer courses beyond traditional education. The courses are designed in a way to have provision of multiple entry and exit at various levels culminating up-to a research degree level. This helps to create skilled manpower for industry requirements at various levels together with supporting to local talent."
www.rgu.ac.in,https://www.rgu.ac.in/courses-offered/,FYUP,BA (Psychology) FYUP Syllabus
